{
  "Facebook Page-0" : {
    "transaction" : "Facebook Page-0",
    "sampleCount" : 6894,
    "errorCount" : 0,
    "errorPct" : 0.0,
    "meanResTime" : 1057.140411952424,
    "medianResTime" : 211.0,
    "minResTime" : 149.0,
    "maxResTime" : 92368.0,
    "pct1ResTime" : 888.5,
    "pct2ResTime" : 1868.25,
    "pct3ResTime" : 32340.900000000125,
    "throughput" : 13.171268522693405,
    "receivedKBytesPerSec" : 54.09395802505961,
    "sentKBytesPerSec" : 6.3798331906796175
  },
  "Total" : {
    "transaction" : "Total",
    "sampleCount" : 156682,
    "errorCount" : 129900,
    "errorPct" : 82.90678,
    "meanResTime" : 18295.639741642397,
    "medianResTime" : 21048.0,
    "minResTime" : 13.0,
    "maxResTime" : 559665.0,
    "pct1ResTime" : 21139.0,
    "pct2ResTime" : 21207.0,
    "pct3ResTime" : 150896.81000000003,
    "throughput" : 277.11169397128816,
    "receivedKBytesPerSec" : 1546.2327646117162,
    "sentKBytesPerSec" : 36.54192619395449
  },
  "Facebook Page-1" : {
    "transaction" : "Facebook Page-1",
    "sampleCount" : 6894,
    "errorCount" : 276,
    "errorPct" : 4.0034814,
    "meanResTime" : 8587.646069045546,
    "medianResTime" : 614.0,
    "minResTime" : 197.0,
    "maxResTime" : 559240.0,
    "pct1ResTime" : 6976.5,
    "pct2ResTime" : 36479.75,
    "pct3ResTime" : 200249.35000000003,
    "throughput" : 12.197948607250472,
    "receivedKBytesPerSec" : 285.17468829178733,
    "sentKBytesPerSec" : 6.186422710274834
  },
  "Facebook Page" : {
    "transaction" : "Facebook Page",
    "sampleCount" : 73720,
    "errorCount" : 67102,
    "errorPct" : 91.02279,
    "meanResTime" : 19412.955154639123,
    "medianResTime" : 21048.0,
    "minResTime" : 13.0,
    "maxResTime" : 559665.0,
    "pct1ResTime" : 21192.0,
    "pct2ResTime" : 21338.0,
    "pct3ResTime" : 37045.550000000716,
    "throughput" : 130.38303110480695,
    "receivedKBytesPerSec" : 650.7951115980235,
    "sentKBytesPerSec" : 12.089798532616099
  },
  "User Login" : {
    "transaction" : "User Login",
    "sampleCount" : 69174,
    "errorCount" : 62522,
    "errorPct" : 90.38367,
    "meanResTime" : 19790.430132708716,
    "medianResTime" : 21069.0,
    "minResTime" : 73.0,
    "maxResTime" : 543676.0,
    "pct1ResTime" : 21224.0,
    "pct2ResTime" : 21316.95,
    "pct3ResTime" : 49195.570000000705,
    "throughput" : 122.48909224841343,
    "receivedKBytesPerSec" : 560.9748577487977,
    "sentKBytesPerSec" : 12.377105187202517
  }
}