{
  "Post Created" : {
    "transaction" : "Post Created",
    "sampleCount" : 84451,
    "errorCount" : 5448,
    "errorPct" : 6.451078,
    "meanResTime" : 1541.0653515056101,
    "medianResTime" : 179.0,
    "minResTime" : 148.0,
    "maxResTime" : 21114.0,
    "pct1ResTime" : 262.0,
    "pct2ResTime" : 21049.0,
    "pct3ResTime" : 21080.0,
    "throughput" : 268.75023867411755,
    "receivedKBytesPerSec" : 586.5780105855949,
    "sentKBytesPerSec" : 479.9924987956902
  },
  "Update Post" : {
    "transaction" : "Update Post",
    "sampleCount" : 84711,
    "errorCount" : 5690,
    "errorPct" : 6.716955,
    "meanResTime" : 1591.0827401400022,
    "medianResTime" : 175.0,
    "minResTime" : 148.0,
    "maxResTime" : 21153.0,
    "pct1ResTime" : 265.90000000000146,
    "pct2ResTime" : 21045.0,
    "pct3ResTime" : 21071.0,
    "throughput" : 269.3102483563717,
    "receivedKBytesPerSec" : 534.9918803380168,
    "sentKBytesPerSec" : 437.43393918614964
  },
  "Total" : {
    "transaction" : "Total",
    "sampleCount" : 421014,
    "errorCount" : 25491,
    "errorPct" : 6.054668,
    "meanResTime" : 1467.794667160714,
    "medianResTime" : 179.0,
    "minResTime" : 148.0,
    "maxResTime" : 21153.0,
    "pct1ResTime" : 21043.0,
    "pct2ResTime" : 21055.0,
    "pct3ResTime" : 21074.0,
    "throughput" : 1323.2692779150243,
    "receivedKBytesPerSec" : 2727.1790540275083,
    "sentKBytesPerSec" : 2295.5268635750026
  },
  "Comet Video Home" : {
    "transaction" : "Comet Video Home",
    "sampleCount" : 83949,
    "errorCount" : 4941,
    "errorPct" : 5.8857164,
    "meanResTime" : 1422.8779139715814,
    "medianResTime" : 179.0,
    "minResTime" : 149.0,
    "maxResTime" : 21125.0,
    "pct1ResTime" : 226.0,
    "pct2ResTime" : 21046.0,
    "pct3ResTime" : 21074.0,
    "throughput" : 267.62112430902243,
    "receivedKBytesPerSec" : 583.280745415001,
    "sentKBytesPerSec" : 525.8763939098334
  },
  "Post Posted" : {
    "transaction" : "Post Posted",
    "sampleCount" : 83714,
    "errorCount" : 4225,
    "errorPct" : 5.0469456,
    "meanResTime" : 1308.5953245574312,
    "medianResTime" : 174.0,
    "minResTime" : 148.0,
    "maxResTime" : 21129.0,
    "pct1ResTime" : 216.0,
    "pct2ResTime" : 16314.900000000001,
    "pct3ResTime" : 21057.0,
    "throughput" : 263.7168085836964,
    "receivedKBytesPerSec" : 520.5125285881696,
    "sentKBytesPerSec" : 433.5663117805704
  },
  "Feed Story Optimise" : {
    "transaction" : "Feed Story Optimise",
    "sampleCount" : 84189,
    "errorCount" : 5187,
    "errorPct" : 6.1611376,
    "meanResTime" : 1473.3332976992328,
    "medianResTime" : 174.0,
    "minResTime" : 149.0,
    "maxResTime" : 21115.0,
    "pct1ResTime" : 238.0,
    "pct2ResTime" : 21035.0,
    "pct3ResTime" : 21054.0,
    "throughput" : 268.1255195212602,
    "receivedKBytesPerSec" : 531.4872337354017,
    "sentKBytesPerSec" : 443.7503159923374
  }
}