{
  "News feed showing" : {
    "transaction" : "News feed showing",
    "sampleCount" : 144555,
    "errorCount" : 5328,
    "errorPct" : 3.6857944,
    "meanResTime" : 1025.0778873093313,
    "medianResTime" : 173.0,
    "minResTime" : 147.0,
    "maxResTime" : 21083.0,
    "pct1ResTime" : 571.0,
    "pct2ResTime" : 21010.0,
    "pct3ResTime" : 21044.0,
    "throughput" : 459.994144863709,
    "receivedKBytesPerSec" : 996.8684579691109,
    "sentKBytesPerSec" : 2015.3114784835673
  },
  "Total" : {
    "transaction" : "Total",
    "sampleCount" : 289655,
    "errorCount" : 11082,
    "errorPct" : 3.8259308,
    "meanResTime" : 1063.2688715885856,
    "medianResTime" : 175.0,
    "minResTime" : 144.0,
    "maxResTime" : 21095.0,
    "pct1ResTime" : 875.9000000000015,
    "pct2ResTime" : 21020.0,
    "pct3ResTime" : 21045.0,
    "throughput" : 920.8405525265852,
    "receivedKBytesPerSec" : 1802.1020239654035,
    "sentKBytesPerSec" : 4359.434620436013
  },
  "Click to refresh" : {
    "transaction" : "Click to refresh",
    "sampleCount" : 145100,
    "errorCount" : 5754,
    "errorPct" : 3.9655411,
    "meanResTime" : 1101.3164093728565,
    "medianResTime" : 175.0,
    "minResTime" : 144.0,
    "maxResTime" : 21095.0,
    "pct1ResTime" : 590.0,
    "pct2ResTime" : 21010.0,
    "pct3ResTime" : 21045.0,
    "throughput" : 461.2865794535137,
    "receivedKBytesPerSec" : 806.1874767777098,
    "sentKBytesPerSec" : 2346.051608373337
  }
}