{
  "Post Created" : {
    "transaction" : "Post Created",
    "sampleCount" : 2000,
    "errorCount" : 0,
    "errorPct" : 0.0,
    "meanResTime" : 228.78550000000024,
    "medianResTime" : 178.0,
    "minResTime" : 154.0,
    "maxResTime" : 2071.0,
    "pct1ResTime" : 521.5000000000005,
    "pct2ResTime" : 608.0,
    "pct3ResTime" : 725.98,
    "throughput" : 30.8090455357693,
    "receivedKBytesPerSec" : 66.11980711130538,
    "sentKBytesPerSec" : 58.82000392815331
  },
  "News feed showing" : {
    "transaction" : "News feed showing",
    "sampleCount" : 2000,
    "errorCount" : 0,
    "errorPct" : 0.0,
    "meanResTime" : 303.88400000000007,
    "medianResTime" : 181.0,
    "minResTime" : 151.0,
    "maxResTime" : 2929.0,
    "pct1ResTime" : 618.0,
    "pct2ResTime" : 657.0,
    "pct3ResTime" : 739.99,
    "throughput" : 30.864197530864196,
    "receivedKBytesPerSec" : 66.2326991705247,
    "sentKBytesPerSec" : 140.39592978395063
  },
  "Update Post" : {
    "transaction" : "Update Post",
    "sampleCount" : 2000,
    "errorCount" : 0,
    "errorPct" : 0.0,
    "meanResTime" : 212.6225000000003,
    "medianResTime" : 174.0,
    "minResTime" : 148.0,
    "maxResTime" : 1521.0,
    "pct1ResTime" : 286.0,
    "pct2ResTime" : 555.8999999999996,
    "pct3ResTime" : 648.99,
    "throughput" : 30.869437713192053,
    "receivedKBytesPerSec" : 59.710430807120034,
    "sentKBytesPerSec" : 53.75020258068499
  },
  "Facebook Page-0" : {
    "transaction" : "Facebook Page-0",
    "sampleCount" : 686,
    "errorCount" : 0,
    "errorPct" : 0.0,
    "meanResTime" : 8253.463556851311,
    "medianResTime" : 7271.0,
    "minResTime" : 200.0,
    "maxResTime" : 20448.0,
    "pct1ResTime" : 16287.5,
    "pct2ResTime" : 17047.1,
    "pct3ResTime" : 20332.16,
    "throughput" : 32.536520584329345,
    "receivedKBytesPerSec" : 133.68026221008822,
    "sentKBytesPerSec" : 15.759877158034529
  },
  "Total" : {
    "transaction" : "Total",
    "sampleCount" : 19372,
    "errorCount" : 1975,
    "errorPct" : 10.195127,
    "meanResTime" : 3487.4606648771437,
    "medianResTime" : 191.0,
    "minResTime" : 148.0,
    "maxResTime" : 21078.0,
    "pct1ResTime" : 21019.0,
    "pct2ResTime" : 21049.0,
    "pct3ResTime" : 21059.0,
    "throughput" : 288.20090155764166,
    "receivedKBytesPerSec" : 1515.236987225144,
    "sentKBytesPerSec" : 607.1763868561897
  },
  "Facebook Page-1" : {
    "transaction" : "Facebook Page-1",
    "sampleCount" : 686,
    "errorCount" : 0,
    "errorPct" : 0.0,
    "meanResTime" : 711.0131195335274,
    "medianResTime" : 409.0,
    "minResTime" : 213.0,
    "maxResTime" : 4304.0,
    "pct1ResTime" : 1509.1000000000004,
    "pct2ResTime" : 2137.3,
    "pct3ResTime" : 2314.99,
    "throughput" : 32.33103968328777,
    "receivedKBytesPerSec" : 764.6703915160477,
    "sentKBytesPerSec" : 17.0811449889245
  },
  "Comet Video Home" : {
    "transaction" : "Comet Video Home",
    "sampleCount" : 2000,
    "errorCount" : 0,
    "errorPct" : 0.0,
    "meanResTime" : 239.8584999999998,
    "medianResTime" : 177.0,
    "minResTime" : 151.0,
    "maxResTime" : 1891.0,
    "pct1ResTime" : 537.0,
    "pct2ResTime" : 634.8999999999996,
    "pct3ResTime" : 1050.98,
    "throughput" : 30.754090294009103,
    "receivedKBytesPerSec" : 66.00901467258427,
    "sentKBytesPerSec" : 64.2111768052651
  },
  "Post Posted" : {
    "transaction" : "Post Posted",
    "sampleCount" : 2000,
    "errorCount" : 0,
    "errorPct" : 0.0,
    "meanResTime" : 222.1014999999999,
    "medianResTime" : 173.0,
    "minResTime" : 152.0,
    "maxResTime" : 1560.0,
    "pct1ResTime" : 336.60000000000036,
    "pct2ResTime" : 590.9499999999998,
    "pct3ResTime" : 1034.97,
    "throughput" : 30.754563208316032,
    "receivedKBytesPerSec" : 59.49524313404376,
    "sentKBytesPerSec" : 53.24984430502375
  },
  "Click to refresh" : {
    "transaction" : "Click to refresh",
    "sampleCount" : 2000,
    "errorCount" : 33,
    "errorPct" : 1.65,
    "meanResTime" : 2773.1945000000005,
    "medianResTime" : 282.5,
    "minResTime" : 157.0,
    "maxResTime" : 21052.0,
    "pct1ResTime" : 15302.9,
    "pct2ResTime" : 15508.9,
    "pct3ResTime" : 21026.0,
    "throughput" : 31.08534481418735,
    "receivedKBytesPerSec" : 53.58196671148137,
    "sentKBytesPerSec" : 161.90851935159856
  },
  "Feed Story Optimise" : {
    "transaction" : "Feed Story Optimise",
    "sampleCount" : 2000,
    "errorCount" : 0,
    "errorPct" : 0.0,
    "meanResTime" : 211.07250000000013,
    "medianResTime" : 173.0,
    "minResTime" : 150.0,
    "maxResTime" : 1559.0,
    "pct1ResTime" : 262.8000000000002,
    "pct2ResTime" : 552.8999999999996,
    "pct3ResTime" : 650.98,
    "throughput" : 30.77207126811706,
    "receivedKBytesPerSec" : 59.52843663934363,
    "sentKBytesPerSec" : 54.27183663107364
  },
  "Facebook Page" : {
    "transaction" : "Facebook Page",
    "sampleCount" : 2000,
    "errorCount" : 1314,
    "errorPct" : 65.7,
    "meanResTime" : 16900.450000000044,
    "medianResTime" : 21035.0,
    "minResTime" : 426.0,
    "maxResTime" : 21078.0,
    "pct1ResTime" : 21056.0,
    "pct2ResTime" : 21058.0,
    "pct3ResTime" : 21068.99,
    "throughput" : 86.59133220764602,
    "receivedKBytesPerSec" : 977.8296592901675,
    "sentKBytesPerSec" : 30.077888226825994
  },
  "User Login" : {
    "transaction" : "User Login",
    "sampleCount" : 2000,
    "errorCount" : 628,
    "errorPct" : 31.4,
    "meanResTime" : 9612.759499999991,
    "medianResTime" : 7388.0,
    "minResTime" : 206.0,
    "maxResTime" : 21074.0,
    "pct1ResTime" : 21055.0,
    "pct2ResTime" : 21060.0,
    "pct3ResTime" : 21066.0,
    "throughput" : 45.842119739616756,
    "receivedKBytesPerSec" : 740.135595080854,
    "sentKBytesPerSec" : 33.0446473594939
  }
}